CNPJ,Denominacaoo social,Nome de pregao,Sigla
012.091.809/0001-55,3R PETROLEUM ÓLEO E GÁS S.A,3R PETROLEUM,RRRP
001.851.771/0001-55,524 PARTICIPACOES S.A.,524 PARTICIP,QVQP
012.528.708/0001-07,AERIS IND. E COM. DE EQUIP. GERACAO DE ENERGIA S/A,AERIS,AERI
037.663.076/0001-07,AES BRASIL ENERGIA S.A.,AES BRASIL,AESB
004.128.563/0001-10,AES TIETE ENERGIA SA,AES TIETE E,TIET
010.338.320/0001-00,AFLUENTE TRANSMISSÃO DE ENERGIA ELÉTRICA S/A,AFLUENTE T,AFLT
002.217.319/0001-07,ALEF S.A.,ALEF S/A,ALEF
017.167.396/0001-69,ALFA HOLDINGS S.A.,ALFA HOLDING,RPAD
071.208.516/0001-74,ALGAR TELECOM S/A,ALGAR TELEC,ALGT
005.878.397/0001-32,ALIANSCE SONAE SHOPPING CENTERS S.A.,ALIANSCSONAE,ALSO
020.247.322/0001-47,ALLIED TECNOLOGIA S.A.,ALLIED,ALLD
060.537.263/0001-66,ALLPARK EMPREENDIMENTOS PARTICIPACOES SERVICOS S.A,ESTAPAR,ALPK
061.079.117/0001-05,ALPARGATAS S.A.,ALPARGATAS,ALPA
011.721.921/0001-60,ALPER CONSULTORIA E CORRETORA DE SEGUROS S.A.,ALPER S.A.,APER
016.811.931/0001-00,ALPHAVILLE S.A.,ALPHAVILLE,AVLL
002.783.423/0001-50,ALTERE SECURITIZADORA S.A.,ALTERE SEC,ALTR
008.364.948/0001-38,ALUPAR INVESTIMENTO S/A,ALUPAR,ALUP
007.526.557/0001-00,AMBEV S.A.,AMBEV S/A,ABEV
012.648.266/0001-24,AMBIPAR PARTICIPACOES E EMPREENDIMENTOS S/A,AMBIPAR,AMBP
033.050.071/0001-58,AMPLA ENERGIA E SERVICOS S.A.,AMPLA ENERG,CBEE
009.288.252/0001-32,ANIMA HOLDING S.A.,ANIMA,ANIM
016.590.234/0001-76,AREZZO INDÚSTRIA E COMÉRCIO S.A.,AREZZO CO,ARZZ
075.315.333/0001-09,ATACADÃO S.A.,CARREFOUR BR,CRFB
004.032.433/0001-80,ATMA PARTICIPAÇÕES S.A.,ATMASA,ATMP
000.359.742/0001-08,ATOM EMPREENDIMENTOS E PARTICIPAÇÕES S.A.,ATOMPAR,ATOM
007.857.093/0001-14,AURA MINERALS INC.,AURA 360,AURA
061.351.532/0001-68,AZEVEDO E TRAVASSOS S.A.,AZEVEDO,AZEV
009.305.994/0001-29,AZUL S.A.,AZUL,AZUL
000.776.574/0001-56,B2W – COMPANHIA DIGITAL,B2W DIGITAL,BTOW
009.346.601/0001-25,,,
045.987.245/0001-92,BAHEMA EDUCAÇÃO S.A.,BAHEMA,BAHI
061.186.680/0001-74,BANCO BMG S.A.,BANCO BMG,BMGB
000.416.968/0001-01,BANCO INTER S.A.,BANCO INTER,BIDI
028.127.603/0001-78,BANESTES S.A. – BCO EST ESPIRITO SANTO,BANESTES,BEES
060.851.615/0001-53,BARDELLA S.A. INDUSTRIAS MECANICAS,BARDELLA,BDLL
042.331.462/0001-31,BATTISTELLA ADM PARTICIPACOES S.A.,BATTISTELLA,BTTL
061.374.161/0001-30,BAUMER S.A.,BAUMER,BALM
017.344.597/0001-94,BB SEGURIDADE PARTICIPAÇÕES S.A.,BBSEGURIDADE,BBSE
001.107.327/0001-20,BBM LOGISTICA S.A.,BBMLOGISTICA,BBML
028.195.667/0001-06,BCO ABC BRASIL S.A.,ABC BRASIL,ABCB
060.770.336/0001-65,BCO ALFA DE INVESTIMENTO S.A.,ALFA INVEST,BRIV
004.902.979/0001-44,BCO AMAZONIA S.A.,AMAZONIA,BAZA
060.746.948/0001-12,BCO BRADESCO S.A.,BRADESCO,BBDC
000.000.000/0001-91,BCO BRASIL S.A.,BRASIL,BBAS
030.306.294/0001-45,BCO BTG PACTUAL S.A.,BTGP BANCO,BPAC
013.009.717/0001-46,BCO ESTADO DE SERGIPE S.A. – BANESE,BANESE,BGIP
004.913.711/0001-08,BCO ESTADO DO PARA S.A.,BANPARA,BPAR
092.702.067/0001-96,BCO ESTADO DO RIO GRANDE DO SUL S.A.,BANRISUL,BRSR
034.169.557/0001-72,BCO MERCANTIL DE INVESTIMENTOS S.A.,MERC INVEST,BMIN
017.184.037/0001-10,BCO MERCANTIL DO BRASIL S.A.,MERC BRASIL,BMEB
007.237.373/0001-20,BCO NORDESTE DO BRASIL S.A.,NORD BRASIL,BNBR
059.285.411/0001-13,BCO PAN S.A.,BANCO PAN,BPAN
062.144.175/0001-20,BCO PINE S.A.,PINE,PINE
090.400.888/0001-42,BCO SANTANDER (BRASIL) S.A.,SANTANDER BR,SANB
009.042.817/0001-05,BEMOBI MOBILE TECH S.A.,BEMOBI TECH,BMOB
002.762.124/0001-30,BETAPART PARTICIPACOES S.A.,BETAPART,BETP
056.992.423/0001-90,BICICLETAS MONARK S.A.,BIC MONARK,BMKS
004.752.991/0001-10,BIOMM S.A.,BIOMM,BIOM
015.527.906/0001-36,BIOSEV S.A.,BIOSEV,BSEV
013.574.594/0001-96,BK BRASIL OPERAÇÃO E ASSESSORIA A RESTAURANTES SA,BK BRASIL,BKBR
000.383.281/0001-09,BNDES PARTICIPACOES S.A. – BNDESPAR,BNDESPAR,BNDP
011.725.176/0001-27,BOA VISTA SERVIÇOS S.A.,BOA VISTA,BOAS
050.564.053/0001-03,BOMBRIL S.A.,BOMBRIL,BOBR
006.977.745/0001-91,BR MALLS PARTICIPACOES S.A.,BR MALLS PAR,BRML
006.977.751/0001-49,BR PROPERTIES S.A.,BR PROPERT,BRPR
047.509.120/0001-82,BRADESCO LEASING S.A. ARREND MERCANTIL,BRADESCO LSG,BDLS
003.847.461/0001-92,BRADESPAR S.A.,BRADESPAR,BRAP
008.613.550/0001-98,BRASIL BROKERS PARTICIPACOES S.A.,BR BROKERS,BBRK
007.628.528/0001-59,BRASILAGRO – CIA BRAS DE PROP AGRICOLAS,BRASILAGRO,AGRO
042.150.391/0001-70,BRASKEM S.A.,BRASKEM,BRKM
007.119.838/0001-48,BRAZIL REALTY CIA SECURIT. CRÉD. IMOBILIÁRIOS,BRAZIL REALT,BZRS
002.762.113/0001-50,BRAZILIAN FINANCE E REAL ESTATE S.A.,BRAZILIAN FR,BFRE
003.767.538/0001-14,BRAZILIAN SECURITIES CIA SECURITIZACAO,BRAZILIAN SC,BSCS
000.000.208/0001-00,BRB BCO DE BRASILIA S.A.,BRB BANCO,BSLI
001.838.723/0001-27,BRF S.A.,BRF SA,BRFS
006.137.677/0001-52,BRPR 56 SECURITIZADORA CRED IMOB S.A.,BRPR 56 SEC,WTVR
036.542.025/0001-64,BRQ SOLUCOES EM INFORMATICA S.A.,BRQ,BRQB
004.030.182/0001-02,CABINDA PARTICIPACOES S.A.,CABINDA PART,CABI
005.336.882/0001-84,CACHOEIRA PAULISTA TRANSMISSORA ENERGIA S.A.,CACHOEIRA,CPTE
004.031.213/0001-31,CACONDE PARTICIPACOES S.A.,CACONDE PART,CACO
061.088.894/0001-08,CAMBUCI S.A.,CAMBUCI,CAMB
064.904.295/0001-03,CAMIL ALIMENTOS S.A.,CAMIL,CAML
002.846.056/0001-97,CCR S.A.,CCR SA,CCRO
045.242.914/0001-05,CEA MODAS S.A.,CEA MODAS,CEAB
093.828.986/0001-73,CEMEPE INVESTIMENTOS S.A.,CEMEPE,MAPT
006.981.180/0001-16,CEMIG DISTRIBUICAO S.A.,CEMIG DIST,CMGD
006.981.176/0001-58,CEMIG GERACAO E TRANSMISSAO S.A.,CEMIG GT,CMGT
000.001.180/0001-26,CENTRAIS ELET BRAS S.A. – ELETROBRAS,ELETROBRAS,ELET
083.878.892/0001-55,CENTRAIS ELET DE SANTA CATARINA S.A.,CELESC,CLSC
042.771.949/0001-35,CENTRO DE IMAGEM DIAGNOSTICOS S.A.,ALLIAR,AALR
060.933.603/0001-78,CESP – CIA ENERGETICA DE SAO PAULO,CESP,CESP
047.508.411/0001-56,CIA BRASILEIRA DE DISTRIBUICAO,P.ACUCAR-CBD,PCAR
082.508.433/0001-17,CIA CATARINENSE DE AGUAS E SANEAM.-CASAN,CASAN,CASN
008.560.444/0001-93,CIA CELG DE PARTICIPACOES – CELGPAR,CELGPAR,GPAR
033.938.119/0001-69,CIA DISTRIB DE GAS DO RIO DE JANEIRO-CEG,CEG,CEGR
015.139.629/0001-94,CIA ELETRICIDADE EST. DA BAHIA – COELBA,COELBA,CEEB
000.070.698/0001-11,CIA ENERGETICA DE BRASILIA,CEB,CEBR
017.155.730/0001-64,CIA ENERGETICA DE MINAS GERAIS – CEMIG,CEMIG,CMIG
010.835.932/0001-08,CIA ENERGETICA DE PERNAMBUCO – CELPE,CELPE,CEPE
007.047.251/0001-70,CIA ENERGETICA DO CEARA – COELCE,COELCE,COCE
008.324.196/0001-81,CIA ENERGETICA DO RIO GDE NORTE – COSERN,COSERN,CSRN
008.467.115/0001-00,CIA ESTADUAL DE DISTRIB ENER ELET-CEEE-D,CEEE-D,CEED
092.715.812/0001-31,CIA ESTADUAL GER.TRANS.ENER.ELET-CEEE-GT,CEEE-GT,EEEL
015.141.799/0001-03,CIA FERRO LIGAS DA BAHIA – FERBASA,FERBASA,FESA
017.245.234/0001-00,CIA FIACAO TECIDOS CEDRO CACHOEIRA,CEDRO,CEDO
061.856.571/0001-17,CIA GAS DE SAO PAULO – COMGAS,COMGAS,CGAS
087.762.563/0001-03,CIA HABITASUL DE PARTICIPACOES,HABITASUL,HBTS
078.876.950/0001-71,CIA HERING,CIA HERING,HGTX
019.526.748/0001-50,CIA INDUSTRIAL CATAGUASES,IND CATAGUAS,CATA
010.215.988/0001-60,CIA LOCAÇÃO DAS AMÉRICAS,LOCAMERICA,LCAM
060.730.348/0001-66,CIA MELHORAMENTOS DE SAO PAULO,MELHOR SP,MSPA
076.483.817/0001-20,CIA PARANAENSE DE ENERGIA – COPEL,COPEL,CPLE
001.938.783/0001-11,CIA PARTICIPACOES ALIANCA DA BAHIA,PAR AL BAHIA,PEAB
033.050.196/0001-88,CIA PAULISTA DE FORCA E LUZ,PAUL F LUZ,PALF
004.172.213/0001-51,CIA PIRATININGA DE FORCA E LUZ,CPFL PIRATIN,CPFP
043.776.517/0001-80,CIA SANEAMENTO BASICO EST SAO PAULO,SABESP,SBSP
017.281.106/0001-03,CIA SANEAMENTO DE MINAS GERAIS-COPASA MG,COPASA,CSMG
076.484.013/0001-45,CIA SANEAMENTO DO PARANA – SANEPAR,SANEPAR,SAPR
015.144.017/0001-90,CIA SEGUROS ALIANCA DA BAHIA,SEG AL BAHIA,CSAB
033.042.730/0001-04,CIA SIDERURGICA NACIONAL,SID NACIONAL,CSNA
022.677.520/0001-76,CIA TECIDOS NORTE DE MINAS COTEMINAS,COTEMINAS,CTNM
021.255.567/0001-89,CIA TECIDOS SANTANENSE,SANTANENSE,CTSA
002.105.040/0001-23,CIBRASEC – COMPANHIA BRASILEIRA DE SECURITIZACAO,CIBRASEC,CBSC
001.027.058/0001-91,CIELO S.A.,CIELO,CIEL
000.272.185/0001-93,CIMS S.A.,CIMS,CMSA
007.437.016/0001-05,CINESYSTEM S.A.,CINESYSTEM,CNSY
002.800.026/0001-40,COGNA EDUCAÇÃO S.A.,COGNA ON,COGN
010.531.501/0001-58,CONC AUTO RAPOSO TAVARES S.A.,CONC RAPOSO,RPTA
015.578.569/0001-06,CONC DO AEROPORTO INTERNACIONAL DE GUARULHOS S.A.,GRUAIRPORT,AGRU
002.509.491/0001-26,CONC ECOVIAS IMIGRANTES S.A.,ECOVIAS,ECOV
000.938.574/0001-05,CONC RIO-TERESOPOLIS S.A.,CONC RIO TER,CRTE
010.841.050/0001-55,CONC ROD AYRTON SENNA E CARV PINTO S.A.-ECOPISTAS,ECOPISTAS,ASCP
002.415.408/0001-50,CONC ROD.OESTE SP VIAOESTE S.A,VIAOESTE,VOES
010.678.505/0001-63,CONC RODOVIAS DO TIETÊ S.A.,ROD TIETE,RDVT
010.647.979/0001-48,CONC ROTA DAS BANDEIRAS S.A.,RT BANDEIRAS,CRBD
002.451.848/0001-62,CONC SIST ANHANG-BANDEIRANT S.A. AUTOBAN,AUTOBAN,ANHB
097.191.902/0001-94,CONSERVAS ODERICH S.A.,ODERICH,ODER
017.193.806/0001-46,CONSORCIO ALFA DE ADMINISTRACAO S.A.,ALFA CONSORC,BRGE
061.022.042/0001-18,CONSTRUTORA ADOLPHO LINDENBERG S.A.,CONST A LIND,CALI
071.476.527/0001-35,CONSTRUTORA TENDA S.A.,TENDA,TEND
015.101.405/0001-93,CORREA RIBEIRO S.A. COMERCIO E INDUSTRIA,COR RIBEIRO,CORR
017.346.997/0001-39,COSAN LOGISTICA S.A.,COSAN LOG,RLOG
050.746.577/0001-15,COSAN S.A.,COSAN,CSAN
002.429.144/0001-93,CPFL ENERGIA S.A.,CPFL ENERGIA,CPFE
008.439.659/0001-50,CPFL ENERGIAS RENOVÁVEIS S.A.,CPFL RENOVAV,CPRE
003.953.509/0001-47,CPFL GERACAO DE ENERGIA S.A.,CPFL GERACAO,CPFG
007.820.907/0001-46,CR2 EMPREENDIMENTOS IMOBILIARIOS S.A.,CR2,CRDE
062.984.091/0001-02,CRUZEIRO DO SUL EDUCACIONAL S.A.,CRUZEIRO EDU,CSED
008.902.291/0001-15,CSN MINERAÇÃO S.A.,CSNMINERACAO,CMIN
001.896.779/0001-38,CSU CARDSYSTEM S.A.,CSU CARDSYST,CARD
006.981.381/0001-13,CTC – CENTRO DE TECNOLOGIA CANAVIEIRA S.A.,CTC S.A.,CTCA
002.998.611/0001-04,CTEEP – CIA TRANSMISSÃO ENERGIA ELÉTRICA PAULISTA,TRAN PAULIST,TRPL
008.797.760/0001-83,CURY CONSTRUTORA E INCORPORADORA S.A.,CURY S/A,CURY
010.760.260/0001-19,CVC BRASIL OPERADORA E AGÊNCIA DE VIAGENS S.A.,CVC BRASIL,CVCB
073.178.600/0001-18,CYRELA BRAZIL REALTY S.A.EMPREEND E PART,CYRELA REALT,CYRE
008.801.621/0001-86,CYRELA COMMERCIAL PROPERT S.A. EMPR PART,CYRE COM-CCP,CCPR
012.108.897/0001-50,D1000 VAREJO FARMA PARTICIPAÇÕES S.A.,D1000VFARMA,DMVF
061.486.650/0001-83,DIAGNOSTICOS DA AMERICA S.A.,DASA,DASA
065.654.303/0001-73,DIBENS LEASING S.A. – ARREND.MERCANTIL,DIBENS LSG,DBEN
092.665.611/0001-77,DIMED S.A. DISTRIBUIDORA DE MEDICAMENTOS,DIMED,PNVL
016.614.075/0001-00,DIRECIONAL ENGENHARIA S.A.,DIRECIONAL,DIRR
084.683.408/0001-03,DOHLER S.A.,DOHLER,DOHL
008.926.302/0001-05,DOMMO ENERGIA S.A.,DOMMO,DMMO
003.303.999/0001-36,DTCOM – DIRECT TO COMPANY S.A.,DTCOM-DIRECT,DTCY
097.837.181/0001-47,DURATEX S.A.,DURATEX,DTEX
010.753.164/0001-43,ECO SECURITIZADORA DIREITOS CRED AGRONEGÓCIO S.A.,ECO SEC AGRO,ECOA
008.873.873/0001-10,ECORODOVIAS CONCESSÕES E SERVIÇOS S.A.,ECON,ERDV
004.149.454/0001-80,ECORODOVIAS INFRAESTRUTURA E LOGÍSTICA S.A.,ECORODOVIAS,ECOR
003.983.431/0001-03,EDP – ENERGIAS DO BRASIL S.A.,ENERGIAS BR,ENBR
028.152.650/0001-71,EDP ESPIRITO SANTO DISTRIBUIÇÃO DE ENERGIA S.A.,ESCELSA,ESCE
002.302.100/0001-06,EDP SÃO PAULO DISTRIBUIÇÃO DE ENERGIA S.A.,EBE,EBEN
082.643.537/0001-34,ELECTRO ACO ALTONA S.A.,ACO ALTONA,EALT
002.328.280/0001-97,ELEKTRO REDES S.A.,ELEKTRO,EKTR
001.104.937/0001-70,ELETROBRÁS PARTICIPAÇÕES S.A. – ELETROPAR,ELETROPAR,LIPR
009.347.516/0001-81,ELETROMIDIA S.A.,ELETROMIDIA,ELMD
061.695.227/0001-93,ELETROPAULO METROP. ELET. SAO PAULO S.A.,ELETROPAULO,ELPL
002.302.101/0001-42,EMAE – EMPRESA METROP.AGUAS ENERGIA S.A.,EMAE,EMAE
007.689.002/0001-89,EMBRAER S.A.,EMBRAER,EMBR
006.626.253/0001-51,EMPREENDIMENTOS PAGUE MENOS S.A.,PAGUE MENOS,PGMN
001.971.614/0001-83,EMPRESA NAC COM REDITO PART S.A.ENCORPAR,ENCORPAR,ECPR
011.669.021/0001-10,ENAUTA PARTICIPAÇÕES S.A.,ENAUTA PART,ENAT
015.413.826/0001-50,ENERGISA MATO GROSSO DO SUL – DIST DE ENERGIA S.A.,ENERSUL,ENER
003.467.321/0001-99,ENERGISA MATO GROSSO-DISTRIBUIDORA DE ENERGIA S/A,ENERGISA MT,ENMT
000.864.214/0001-06,ENERGISA S.A.,ENERGISA,ENGI
004.423.567/0001-21,ENEVA S.A,ENEVA,ENEV
002.474.103/0001-19,ENGIE BRASIL ENERGIA S.A.,ENGIE BRASIL,EGIE
016.922.038/0001-51,ENJOEI.COM.BR ATIVIDADES DE INTERNET S.A.,ENJOEI,ENJU
003.220.438/0001-73,EQUATORIAL ENERGIA S.A.,EQUATORIAL,EQTL
006.272.793/0001-84,EQUATORIAL MARANHÃO DISTRIBUIDORA DE ENERGIA S.A.,EQTLMARANHAO,EQMA
004.895.728/0001-80,EQUATORIAL PARA DISTRIBUIDORA DE ENERGIA S.A.,EQTL PARA,EQPA
061.092.037/0001-81,ETERNIT S.A.,ETERNIT,ETER
056.643.018/0001-66,EUCATEX S.A. INDUSTRIA E COMERCIO,EUCATEX,EUCA
043.470.988/0001-65,EVEN CONSTRUTORA E INCORPORADORA S.A.,EVEN,EVEN
095.426.862/0001-97,EXCELSIOR ALIMENTOS S.A.,EXCELSIOR,BAUH
008.312.229/0001-73,EZ TEC EMPREEND. E PARTICIPACOES S.A.,EZTEC,EZTC
012.489.315/0001-23,FERREIRA GOMES ENERGIA S.A.,FGENERGIA,FGEN
000.924.429/0001-75,FERROVIA CENTRO-ATLANTICA S.A.,FER C ATLANT,VSPT
022.266.175/0001-88,FERTILIZANTES HERINGER S.A.,FER HERINGER,FHER
017.167.412/0001-13,FINANCEIRA ALFA S.A.- CRED FINANC E INVS,ALFA FINANC,CRIV
091.669.747/0001-92,FINANSINOS S.A.- CREDITO FINANC E INVEST,FINANSINOS,FNCN
060.840.055/0001-31,FLEURY S.A.,FLEURY,FLRY
010.851.805/0001-00,FLEX GESTÃO DE RELACIONAMENTOS S.A.,FLEX S/A,FLEX
026.735.020/0001-02,FOCUS ENERGIA HOLDING PARTICIPAÇÕES S.A,FOCUS ON,POWE
088.610.126/0001-29,FRAS-LE S.A.,FRAS-LE,FRAS
001.545.826/0001-07,GAFISA S.A.,GAFISA,GFSA
014.876.090/0001-93,GAIA IMPACTO SECURITIZADORA S.A.,GAIA AGRO,GAFL
007.587.384/0001-30,GAIA SECURITIZADORA S.A.,GAIA SECURIT,GAIA
002.796.775/0001-40,GAMA PARTICIPACOES S.A.,GAMA PART,OPGM
008.764.621/0001-53,GENERAL SHOPPING E OUTLETS DO BRASIL S.A.,GENERALSHOPP,GSHP
033.611.500/0001-19,GERDAU S.A.,GERDAU,GGBR
006.164.253/0001-87,GOL LINHAS AEREAS INTELIGENTES S.A.,GOL,GOLL
007.857.850/0001-50,,,
002.193.750/0001-52,GPC PARTICIPACOES S.A.,GPC PART,GPCP
092.012.467/0001-70,GRAZZIOTIN S.A.,GRAZZIOTIN,CGRA
089.850.341/0001-60,GRENDENE S.A.,GRENDENE,GRND
010.285.590/0001-08,GRUPO DE MODA SOMA S.A.,GRUPO SOMA,SOMA
024.990.777/0001-09,GRUPO MATEUS S.A.,GRUPO MATEUS,GMAT
013.217.485/0001-11,GRUPO SBF SA,GRUPO SBF,SBFG
008.402.943/0001-52,GUARARAPES CONFECCOES S.A.,GUARARAPES,GUAR
030.540.991/0001-66,HAGA S.A. INDUSTRIA E COMERCIO,HAGA S/A,HAGA
005.197.443/0001-38,HAPVIDA PARTICIPACOES E INVESTIMENTOS SA,HAPVIDA,HAPV
014.785.152/0001-51,HBR REALTY EMPREENDIMENTOS IMOBILIARIOS S/A,HBR REALTY,HBRE
049.263.189/0001-02,HELBOR EMPREENDIMENTOS S.A.,HELBOR,HBOR
092.749.225/0001-63,HERCULES S.A. FABRICA DE TALHERES,HERCULES,HETA
012.648.327/0001-53,HIDROVIAS DO BRASIL S.A.,HIDROVIAS,HBSA
033.200.049/0001-47,HOTEIS OTHON S.A.,HOTEIS OTHON,HOOT
002.932.074/0001-91,HYPERA S.A.,HYPERA,HYPE
043.185.362/0001-07,IGB ELETRÔNICA S/A,IGB S/A,IGBR
008.159.965/0001-33,IGUA SANEAMENTO S.A.,IGUA SA,IGSN
051.218.147/0001-93,IGUATEMI EMPRESA DE SHOPPING CENTERS S.A,IGUATEMI,IGTA
060.637.238/0001-54,INDUSTRIAS J B DUARTE S.A.,J B DUARTE,JBDU
056.720.428/0001-63,INDUSTRIAS ROMI S.A.,INDS ROMI,ROMI
076.627.504/0001-06,INEPAR S.A. INDUSTRIA E CONSTRUCOES,INEPAR,INEP
019.378.769/0001-76,INSTITUTO HERMES PARDINI S.A.,IHPARDINI,PARD
082.901.000/0001-27,INTELBRAS S.A. IND DE TELEC ELETRONICA BRASILEIRA,INTELBRAS,INTB
009.611.768/0001-76,INTER CONSTRUTORA E INCORPORADORA S.A.,INTER SA,INNT
017.314.329/0001-20,INTERNATIONAL MEAL COMPANY ALIMENTACAO S.A.,IMC S/A,MEAL
001.548.981/0001-79,INVESTIMENTOS BEMGE S.A.,INVEST BEMGE,FIGE
003.758.318/0001-24,INVESTIMENTOS E PARTICIP. EM INFRA S.A. – INVEPAR,INVEPAR,IVPR
061.156.113/0001-75,IOCHPE MAXION S.A.,IOCHP-MAXION,MYPK
092.791.243/0001-03,IRANI PAPEL E EMBALAGEM S.A.,IRANI,RANI
033.376.989/0001-91,IRB – BRASIL RESSEGUROS S.A.,IRBBRASIL RE,IRBR
002.397.080/0001-96,ITAPEBI GERACAO DE ENERGIA S.A.,ITAPEBI,ITPB
060.872.504/0001-23,ITAU UNIBANCO HOLDING S.A.,ITAUUNIBANCO,ITUB
061.532.644/0001-15,ITAUSA S.A.,ITAUSA,ITSA
014.998.371/0001-19,J. MACEDO S.A.,J.MACEDO,JMCD
002.635.522/0001-95,JALLES MACHADO S.A.,JALLESMACHAD,JALL
002.916.265/0001-60,JBS S.A.,JBS,JBSS
060.543.816/0001-93,JEREISSATI PARTICIPACOES S.A.,JEREISSATI,JPSA
008.294.224/0001-65,JHSF PARTICIPACOES S.A.,JHSF PART,JHSF
033.035.536/0001-00,JOAO FORTES ENGENHARIA S.A.,JOAO FORTES,JFEN
087.456.562/0001-22,JOSAPAR-JOAQUIM OLIVEIRA S.A. – PARTICIP,JOSAPAR,JOPA
052.548.435/0001-79,JSL S.A.,JSL,JSLG
082.640.558/0001-04,KARSTEN S.A.,KARSTEN,CTKA
091.983.056/0001-69,KEPLER WEBER S.A.,KEPLER WEBER,KEPL
089.637.490/0001-45,KLABIN S.A.,KLABIN S/A,KLBN
026.462.693/0001-28,LAVVI EMPREENDIMENTOS IMOBILIÁRIOS S.A.,LAVVI,LAVV
002.357.251/0001-53,LIFEMED INDUSTRIAL EQUIP. DE ART. MÉD. HOSP. S.A.,LIFEMED,LMED
003.378.521/0001-75,LIGHT S.A.,LIGHT S/A,LIGT
060.444.437/0001-46,LIGHT SERVICOS DE ELETRICIDADE S.A.,LIGHT,LIGH
006.948.969/0001-75,LINX S.A.,LINX,LINX
000.743.065/0001-27,LITEL PARTICIPACOES S.A.,LITEL,LTEL
005.495.546/0001-84,LITELA PARTICIPAÇÕES S.A.,LITELA,LTLA
016.670.085/0001-55,LOCALIZA RENT A CAR S.A.,LOCALIZA,RENT
002.351.877/0001-52,LOCAWEB SERVIÇOS DE INTERNET S.A.,LOCAWEB,LWSA
009.041.168/0001-10,LOG COMMERCIAL PROPERTIES,LOG COM PROP,LOGG
042.278.291/0001-24,LOG-IN LOGISTICA INTERMODAL S.A.,LOG-IN,LOGN
033.014.556/0001-96,LOJAS AMERICANAS S.A.,LOJAS AMERIC,LAME
096.418.264/0218-02,LOJAS QUERO-QUERO S/A,QUERO-QUERO,LJQQ
092.754.738/0001-62,LOJAS RENNER S.A.,LOJAS RENNER,LREN
008.078.847/0001-09,LPS BRASIL – CONSULTORIA DE IMOVEIS S.A.,LOPES BRASIL,LPSB
089.463.822/0001-12,LUPATECH S.A.,LUPATECH,LUPA
007.206.816/0001-15,M.DIAS BRANCO S.A. IND COM DE ALIMENTOS,M.DIASBRANCO,MDIA
008.795.211/0001-70,MAESTRO LOCADORA DE VEICULOS S.A.,MAESTROLOC,MSRO
047.960.950/0001-21,MAGAZINE LUIZA S.A.,MAGAZ LUIZA,MGLU
060.476.884/0001-87,MAHLE-METAL LEVE S.A.,METAL LEVE,LEVE
061.065.298/0001-02,MANGELS INDUSTRIAL S.A.,MANGELS INDL,MGEL
061.082.004/0001-50,MANUFATURA DE BRINQUEDOS ESTRELA S.A.,ESTRELA,ESTR
088.611.835/0001-29,MARCOPOLO S.A.,MARCOPOLO,POMO
003.853.896/0001-40,MARFRIG GLOBAL FOODS S.A.,MARFRIG,MRFG
061.189.288/0001-89,MARISA LOJAS S.A.,LOJAS MARISA,AMAR
014.110.585/0001-07,MÉLIUZ S.A.,MELIUZ,CASH
012.181.987/0001-77,MELNICK DESENVOLVIMENTO IMOBILIÁRIO S.A.,MELNICK,MELK
033.040.601/0001-87,MERCANTIL BRASIL FINANC S.A. C.F.I.,MERC FINANC,MERC
004.821.041/0001-08,METALFRIO SOLUTIONS S.A.,METALFRIO,FRIO
080.227.184/0001-66,METALGRAFICA IGUACU S.A.,METAL IGUACU,MTIG
092.690.783/0001-09,METALURGICA GERDAU S.A.,GERDAU MET,GOAU
085.778.074/0001-06,METALURGICA RIOSULENSE S.A.,RIOSULENSE,RSUL
086.375.425/0001-09,METISA METALURGICA TIMBOENSE S.A.,METISA,MTSA
019.296.342/0001-29,MGI – MINAS GERAIS PARTICIPAÇÕES S.A.,MGI PARTICIP,MGIP
027.093.558/0001-15,MILLS ESTRUTURAS E SERVIÇOS DE ENGENHARIA S.A.,MILLS,MILS
017.161.241/0001-15,MINASMAQUINAS S.A.,MINASMAQUINA,MMAQ
067.620.377/0001-14,MINERVA S.A.,MINERVA,BEEF
090.076.886/0001-40,MINUPAR PARTICIPACOES S.A.,MINUPAR,MNPR
007.882.930/0001-65,MITRE REALTY EMPREENDIMENTOS E PARTICIPAÇÕES S.A.,MITRE REALTY,MTRE
002.762.115/0001-49,MMX MINERACAO E METALICOS S.A.,MMX MINER,MMXM
031.553.627/0001-01,Mobly S.A.,MOBLY,MBLY
033.102.476/0001-92,MONTEIRO ARANHA S.A.,MONT ARANHA,MOAR
009.083.175/0001-84,Mosaico Tecnologia ao Consumidor S.A.,MOSAICO,MOSI
012.049.631/0001-84,MOURA DUBEUX ENGENHARIA S/A,MOURA DUBEUX,MDNE
021.314.559/0001-66,MOVIDA PARTICIPACOES SA,MOVIDA,MOVI
026.659.061/0001-59,MPM CORPÓREOS S.A.,ESPACOLASER,ESPA
001.417.222/0001-77,MRS LOGISTICA S.A.,MRS LOGIST,MRSA
008.343.492/0001-20,MRV ENGENHARIA E PARTICIPACOES S.A.,MRV,MRVE
007.816.890/0001-53,MULTIPLAN – EMPREEND IMOBILIARIOS S.A.,MULTIPLAN,MULT
088.610.191/0001-54,MUNDIAL S.A. – PRODUTOS DE CONSUMO,MUNDIAL,MNDL
032.785.497/0001-97,NATURA &CO HOLDING S.A.,GRUPO NATURA,NTCO
071.673.990/0001-77,NATURA COSMETICOS S.A.,NATURA,NATU
001.083.200/0001-18,NEOENERGIA S.A.,NEOENERGIA,NEOE
010.139.870/0001-08,NEOGRID PARTICIPACOES S.A.,NEOGRID,NGRD
060.884.319/0001-59,NORDON INDUSTRIAS METALURGICAS S.A.,NORDON MET,NORD
029.950.060/0001-57,NORTEC QUÍMICA S.A.,NORTCQUIMICA,NRTQ
019.853.511/0001-84,NOTRE DAME INTERMEDICA PARTICIPACOES SA,INTERMEDICA,GNDI
051.128.999/0001-90,NUTRIPLANT INDUSTRIA E COMERCIO S.A.,NUTRIPLANT,NUTR
009.114.805/0001-30,OCEANPACT SERVICOS MARITIMOS S.A.,OCEANPACT,OPCT
012.139.922/0001-63,OCTANTE SECURITIZADORA S.A.,OCTANTE SEC,OCTS
058.119.199/0001-51,ODONTOPREV S.A.,ODONTOPREV,ODPV
076.535.764/0001-43,OI S.A.,OI,OIBR
009.149.503/0001-06,OMEGA GERAÇÃO S.A.,OMEGA GER,OMGE
002.318.346/0001-68,OPPORTUNITY ENERGIA E PARTICIPACOES S.A.,OPPORT ENERG,OPHE
011.421.994/0001-36,ORIZON VALORIZACAO DE RESIDUOS S.A.,ORIZON,ORVR
009.112.685/0001-32,OSX BRASIL S.A.,OSX BRASIL,OSXB
012.320.349/0001-90,OURINVEST SECURITIZADORA SA,OURINVESTSEC,OSEC
020.258.278/0001-70,OURO FINO SAUDE ANIMAL PARTICIPACOES S.A.,OUROFINO S/A,OFSA
075.609.123/0001-23,OURO VERDE LOCACAO E SERVICO S.A.,OURO VERDE,OVSA
002.365.069/0001-44,PADTEC HOLDING S.A.,PADTEC,PDTC
092.693.019/0001-89,PANATLANTICA S.A.,PANATLANTICA,PATI
014.388.334/0001-99,PARANA BCO S.A.,PARANA,PRBC
060.398.369/0004-79,PARANAPANEMA S.A.,PARANAPANEMA,PMAM
002.736.470/0001-43,PATRIA CIA SECURITIZADORA DE CRED IMOB,PATRIA SEC,NOOS
083.475.913/0001-91,PBG S/A,PORTOBELLO,PTBL
009.538.973/0001-53,PDG COMPANHIA SECURITIZADORA,PDG SECURIT,PDGS
002.950.811/0001-89,PDG REALTY S.A. EMPREEND E PARTICIPACOES,PDG REALT,PDGR
018.328.118/0001-09,PET CENTER COMERCIO E PARTICIPACOES S.A.,PETZ,PETZ
010.629.105/0001-68,PETRO RIO S.A.,PETRORIO,PRIO
034.274.233/0001-02,PETROBRAS DISTRIBUIDORA S/A,PETROBRAS BR,BRDT
033.000.167/0001-01,PETROLEO BRASILEIRO S.A. PETROBRAS,PETROBRAS,PETR
088.613.658/0001-10,PETTENATI S.A. INDUSTRIA TEXTIL,PETTENATI,PTNT
024.230.275/0001-80,PLANO & PLANO DESENVOLVIMENTO IMOBILIÁRIO S.A.,PLANOEPLANO,PLPL
051.928.174/0001-50,PLASCAR PARTICIPACOES INDUSTRIAIS S.A.,PLASCAR PART,PLAS
012.261.588/0001-16,POLO CAPITAL SECURITIZADORA S.A,POLO CAP SEC,PLSC
059.789.545/0001-71,POLPAR S.A.,POLPAR,PPAR
086.550.951/0001-50,POMIFRUTAS S/A,POMIFRUTAS,FRTA
002.149.205/0001-69,PORTO SEGURO S.A.,PORTO SEGURO,PSSA
018.494.485/0001-82,PORTO SUDESTE V.M. S.A.,PORTO VM,PSVM
081.243.735/0001-48,POSITIVO TECNOLOGIA S.A.,POSITIVO TEC,POSI
015.073.274/0001-88,PPLA PARTICIPATIONS LTD.,PPLA,PPLA
008.574.411/0001-00,PRATICA KLIMAQUIP INDUSTRIA E COMERCIO SA,PRATICA,PTCA
018.593.815/0001-97,PRINER SERVIÇOS INDUSTRIAIS S.A.,PRINER,PRNR
002.291.077/0001-93,PRODUTORES ENERGET.DE MANSO S.A.- PROMAN,PROMAN,PRMN
045.453.214/0001-51,PROFARMA DISTRIB PROD FARMACEUTICOS S.A.,PROFARMA,PFRM
002.992.449/0001-09,PROMPT PARTICIPACOES S.A.,PROMPT PART,PRPT
011.992.680/0001-93,QUALICORP CONSULTORIA E CORRETORA DE SEGUROS S.A.,QUALICORP,QUAL
035.791.391/0001-94,QUALITY SOFTWARE S.A.,QUALITY SOFT,QUSW
061.585.865/0001-51,RAIA DROGASIL S.A.,RAIADROGASIL,RADL
008.070.508/0001-78,RAIZEN ENERGIA S.A.,RAIZEN ENERG,RESA
089.086.144/0001-16,RANDON S.A. IMPLEMENTOS E PARTICIPACOES,RANDON PART,RAPT
002.773.542/0001-22,RB CAPITAL COMPANHIA DE SECURITIZAÇÃO,RBCAPITALRES,RBRA
002.643.896/0001-52,REAL AI PIC SEC DE CREDITOS IMOBILIARIO S.A.,WTORRE PIC,WTPI
091.333.666/0001-17,RECRUSUL S.A.,RECRUSUL,RCSL
006.047.087/0001-39,Rede DOr São Luiz S.A.,REDE D OR,RDOR
061.584.140/0001-49,REDE ENERGIA PARTICIPAÇÕES S.A.,REDE ENERGIA,REDE
033.412.081/0001-96,REFINARIA DE PETROLEOS MANGUINHOS S.A.,PET MANGUINH,RPMG
008.534.605/0001-74,RENOVA ENERGIA S.A.,RENOVA,RNEW
049.669.856/0001-43,RESTOQUE COMÉRCIO E CONFECÇÕES DE ROUPAS S.A.,LE LIS BLANC,LLIS
002.016.440/0001-62,RGE SUL DISTRIBUIDORA DE ENERGIA S.A.,AES SUL,AESL
002.998.301/0001-81,RIO PARANAPANEMA ENERGIA S.A.,GER PARANAP,GEPA
067.010.660/0001-24,RNI NEGÓCIOS IMOBILIÁRIOS S.A.,RNI,RDNI
003.025.305/0001-46,RODOVIAS DAS COLINAS S.A.,ROD COLINAS,COLN
061.065.751/0001-80,ROSSI RESIDENCIAL S.A.,ROSSI RESID,RSID
024.962.466/0001-36,RUMO MALHA NORTE S.A.,ALL NORTE,FRRN
002.502.844/0001-66,RUMO MALHA PAULISTA S.A.,ALL PAULISTA,GASC
002.387.241/0001-60,RUMO S.A.,RUMO S.A.,RAIL
015.494.541/0001-90,SALUS INFRAESTRUTURA PORTUARIA SA,SALUS INFRA,SAIP
002.724.983/0001-34,SANESALTO SANEAMENTO S.A.,SANESALTO,SNST
014.807.945/0001-24,SANSUY S.A. INDUSTRIA DE PLASTICOS,SANSUY,SNSY
009.391.823/0001-60,SANTO ANTONIO ENERGIA S.A.,STO ANTONIO,STEN
002.762.121/0001-04,SANTOS BRASIL PARTICIPACOES S.A.,SANTOS BRP,STBP
029.780.061/0001-09,SAO CARLOS EMPREEND E PARTICIPACOES S.A.,SAO CARLOS,SCAR
051.466.860/0001-56,SAO MARTINHO S.A.,SAO MARTINHO,SMTO
062.002.886/0001-60,SAO PAULO TURISMO S.A.,SPTURIS,AHEB
060.500.139/0001-26,SARAIVA LIVREIROS S.A. – EM RECUPERAÇÃO JUDICIAL,SARAIVA LIVR,SLED
084.693.183/0001-68,SCHULZ S.A.,SCHULZ,SHUL
006.057.223/0001-71,SENDAS DISTRIBUIDORA S.A.,ASSAI,ASAI
001.599.101/0001-93,SEQUOIA LOGISTICA E TRANSPORTES S.A,SEQUOIA LOG,SEQL
004.986.320/0001-13,SER EDUCACIONAL S.A.,SER EDUCA,SEER
061.156.931/0001-78,SIDERURGICA J. L. ALIPERTI S.A.,ALIPERTI,APTI
007.415.333/0001-20,SIMPAR S.A.,SIMPAR,SIMH
004.065.791/0001-99,SINQIA S.A.,SINQIA,SQIA
089.096.457/0001-55,SLC AGRICOLA S.A.,SLC AGRICOLA,SLCE
007.594.978/0001-78,SMARTFIT ESCOLA DE GINÁSTICA E DANÇA S.A.,SMART FIT,SMFT
005.730.375/0001-20,SMILES FIDELIDADE S.A.,SMILES,SMLS
033.386.210/0001-19,SONDOTECNICA ENGENHARIA SOLOS S.A.,SONDOTECNICA,SOND
007.718.269/0001-57,SPRINGS GLOBAL PARTICIPACOES S.A.,SPRINGS,SGPS
091.495.499/0001-00,STARA S.A. – INDÚSTRIA DE IMPLEMENTOS AGRÍCOLAS,STARA,STTR
000.622.416/0001-41,STATKRAFT ENERGIAS RENOVAVEIS S.A.,STATKRAFT,STKF
002.062.747/0001-08,SUDESTE S.A.,SUDESTE S/A,OPSE
001.957.772/0001-89,SUL 116 PARTICIPACOES S.A.,SUL 116 PART,OPTS
029.978.814/0001-87,SUL AMERICA S.A.,SUL AMERICA,SULA
060.651.809/0001-05,SUZANO HOLDING S.A.,SUZANO HOLD,NEMO
016.404.287/0001-55,SUZANO S.A.,SUZANO S.A.,SUZB
002.860.694/0001-62,T4F ENTRETENIMENTO S.A.,TIME FOR FUN,SHOW
092.781.335/0001-02,TAURUS ARMAS S.A.,TAURUS ARMAS,TASA
012.919.786/0001-24,TCP TERMINAL DE CONTEINERES DE PARANAGUA SA,TCP TERMINAL,TCPA
009.295.063/0001-97,TECHNOS S.A.,TECHNOS,TECN
008.065.557/0001-12,TECNISA S.A.,TECNISA,TCSA
033.111.246/0001-90,TECNOSOLO ENGENHARIA S.A.,TECNOSOLO,TCNO
002.351.144/0001-18,TEGMA GESTAO LOGISTICA S.A.,TEGMA,TGMA
082.636.986/0001-55,TEKA-TECELAGEM KUEHNRICH S.A.,TEKA,TEKA
033.467.572/0001-34,TEKNO S.A. – INDUSTRIA E COMERCIO,TEKNO,TKNO
000.336.701/0001-04,TELEC BRASILEIRAS S.A. TELEBRAS,TELEBRAS,TELB
002.558.157/0001-62,TELEFÔNICA BRASIL S.A,TELEF BRASIL,VIVT
010.502.676/0001-37,TERMELÉTRICA PERNAMBUCO III S.A.,TERM. PE III,TEPE
002.664.042/0001-52,TERMINAL GARAGEM MENEZES CORTES S.A.,MENEZES CORT,MNZC
003.795.050/0001-09,TERMOPERNAMBUCO S.A.,TERMOPE,TMPE
005.799.312/0001-20,TERRA SANTA AGRO S.A.,TERRA SANTA,TESA
082.982.075/0001-80,TEXTIL RENAUXVIEW S.A.,TEX RENAUX,TXRX
002.421.421/0001-11,TIM S.A.,TIM,TIMS
053.113.791/0001-22,TOTVS S.A.,TOTVS,TOTS
003.014.553/0001-91,TPI – TRIUNFO PARTICIP. E INVEST. S.A.,TRIUNFO PART,TPIS
059.418.806/0001-47,TRACK & FIELD CO S.A.,TRACK FIELD,TFCO
007.859.971/0001-30,TRANSMISSORA ALIANÇA DE ENERGIA ELÉTRICA S.A.,TAESA,TAEE
092.660.570/0001-26,TREVISA INVESTIMENTOS S.A.,TREVISA,LUXM
002.509.186/0001-34,TRIÂNGULO DO SOL AUTO-ESTRADAS S.A.,TRIANGULOSOL,TRIA
008.811.643/0001-27,TRISUL S.A.,TRISUL,TRIS
015.115.504/0001-24,TRONOX PIGMENTOS DO BRASIL S.A.,CRISTAL,CRPG
012.130.744/0001-00,TRUE SECURITIZADORA S.A.,TRUESEC,APCS
084.683.374/0001-49,TUPY S.A.,TUPY,TUPY
033.256.439/0001-39,ULTRAPAR PARTICIPACOES S.A.,ULTRAPAR,UGPA
090.441.460/0001-48,UNICASA INDÚSTRIA DE MÓVEIS S.A.,UNICASA,UCAS
004.437.534/0001-30,UNIDAS S.A.,UNIDAS,UNID
033.958.695/0001-78,UNIPAR CARBOCLORO S.A.,UNIPAR,UNIP
002.162.616/0001-94,UPTICK PARTICIPACOES S.A.,UPTICK,UPKP
060.894.730/0001-05,USINAS SID DE MINAS GERAIS S.A.-USIMINAS,USIMINAS,USIM
033.592.510/0001-54,VALE S.A.,VALE,VALE
033.113.309/0001-47,VALID SOLUÇÕES S.A.,VALID,VLID
023.373.000/0001-32,,,
025.005.683/0001-09,VERT COMPANHIA SECURITIZADORA,VERTCIASEC,VERT
033.041.260/0652-90,VIA VAREJO S.A.,VIAVAREJO,VVAR
033.839.910/0001-11,VIVARA PARTICIPAÇOES S.A,VIVARA S.A.,VIVA
067.571.414/0001-41,VIVER INCORPORADORA E CONSTRUTORA S.A.,VIVER,VIVR
050.926.955/0001-42,VULCABRAS/AZALEIA S.A.,VULCABRAS,VULC
084.429.695/0001-11,WEG S.A.,WEG,WEGE
014.776.142/0001-50,WESTWING COMERCIO VAREJISTA S.A.,WESTWING,WEST
084.683.671/0001-94,WETZEL S.A.,WETZEL S/A,MWET
059.105.999/0001-86,WHIRLPOOL S.A.,WHIRLPOOL,WHRL
005.721.735/0001-28,WILSON SONS LTD.,WILSON SONS,WSON
042.278.473/0001-03,WIZ SOLUÇÕES E CORRETAGEM DE SEGUROS S.A.,WIZ S.A.,WIZS
033.228.024/0001-51,WLM PART. E COMÉRCIO DE MÁQUINAS E VEÍCULOS S.A.,WLM IND COM,WLMM
008.807.432/0001-10,YDUQS PARTICIPACOES S.A.,YDUQS PART,YDUQ
02.558.115/0001-21,,,TIMP3
02.591.787/0001-39,,,CPTP3B
02.604.860/0001-60,,,SLCT3B
07.950.674/0001-04,,,CCXC3
10.345.009/0001-98,,,ADHM3
11.395.624/0001-71,,,BPHA3
13.788.120/0001-47,,,ELEK4
61.067.161/0001-97,,,NAFG4
92.929.520/0001-00,,,SPRI3
002.808.708/0001-07,,,AMBV3
005.707.616/0001-10,,,SANB11
028.201.130/0001-01,,,ENGI11
002.558.074/0001-73,,,VIVT3
